User_ID,Pageviews,Time_On_Site,Bounces,Sessions,Form_Submitted,Primary_CTA_clicks,Secondary_CTA_clicks,Tertiary_CTA_clicks,Product_Nav_clicks,Product_Comparison_clicks,Offline_Sale
U_001,63,216,0,25,4,3,3,3,3,3,1
U_002,23,27,1,14,0,11,1,1,3,2,0
U_003,39,16,0,17,1,2,1,1,1,1,0
U_004,98,920,1,2,8,45,21,4,5,8,0
U_005,39,46,0,11,0,2,4,0,2,1,0
U_006,68,290,0,38,2,5,5,7,7,4,0
U_007,97,483,31,74,7,6,2,3,16,3,0
U_008,73,312,3,20,2,36,11,2,2,2,0
U_009,41,54,0,15,0,10,7,3,5,5,0
U_010,40,60,1,2,0,12,6,3,4,3,0
U_011,86,50,25,34,6,10,8,6,12,10,0
U_012,27,110,12,16,1,4,2,3,3,0,0
U_013,19,0,8,14,1,9,2,2,1,2,0
U_014,85,375,0,50,0,4,19,1,6,10,0
U_015,83,60,0,72,7,22,10,3,7,2,0
U_016,23,14,0,18,0,2,3,0,3,0,0
U_017,25,76,0,8,0,5,1,1,1,2,0
U_018,100,36,0,86,4,14,21,2,9,7,0
U_019,94,20,35,65,4,40,9,8,5,1,0
U_020,96,752,0,44,1,25,19,9,4,8,0
U_021,88,75,16,16,6,3,19,3,6,1,1
U_022,43,20,6,8,3,19,6,3,7,0,0
U_023,8,4,0,3,1,1,2,0,0,1,0
U_024,36,115,0,29,0,1,3,1,3,0,0
U_025,37,66,2,25,1,16,1,4,5,1,0
U_026,14,7,0,13,0,7,1,1,2,1,0
U_027,51,200,0,36,4,9,6,4,7,0,0
U_028,15,48,0,13,0,5,3,0,2,1,0
U_029,0,0,0,0,0,0,0,0,0,0,0
U_030,24,10,0,4,1,7,4,1,2,1,0
U_031,3,2,0,3,0,2,0,0,0,0,0
U_032,57,105,1,7,0,1,8,1,7,5,1
U_033,95,231,0,4,8,7,16,8,1,9,0
U_034,1,2,0,1,0,0,0,0,0,0,0
U_035,37,84,0,23,1,5,4,2,5,0,0
U_036,10,8,1,1,0,2,1,0,2,1,0
U_037,32,54,10,25,1,12,5,3,4,4,0
U_038,56,18,3,6,4,0,11,2,1,6,0
U_039,9,40,3,8,0,1,1,1,2,1,0
U_040,18,24,1,1,0,4,2,0,3,0,0
U_041,66,205,31,45,4,32,14,3,4,2,1
U_042,48,20,0,44,2,9,7,2,0,0,1
U_043,7,63,0,5,0,4,1,1,0,0,0
U_044,15,18,6,11,1,0,3,0,2,0,0
U_045,88,344,0,23,1,42,8,6,9,8,1
U_046,1,4,0,1,0,0,0,0,0,0,0
U_047,37,189,24,27,1,3,5,3,4,3,1
U_048,19,11,1,3,0,3,0,2,0,1,0
U_049,81,270,0,35,3,29,1,5,3,5,0
U_050,98,205,41,51,2,2,21,4,6,6,1
U_051,59,270,1,6,2,25,11,1,4,3,0
U_052,45,216,3,33,1,13,7,4,6,0,1
U_053,23,80,0,10,1,11,2,2,3,2,0
U_054,84,40,0,83,0,13,20,6,14,1,0
U_055,84,190,4,50,1,34,21,0,0,9,1
U_056,45,15,1,6,1,1,9,2,7,1,0
U_057,29,20,0,18,0,1,2,2,5,1,0
U_058,68,60,47,55,0,28,10,3,7,8,0
U_059,65,38,0,11,1,3,2,7,5,6,0
U_060,43,306,0,30,5,10,3,4,6,5,0
U_061,58,21,0,25,4,18,1,4,8,7,0
U_062,37,115,6,11,0,9,7,2,3,1,0
U_063,82,210,10,39,1,0,6,6,2,6,0
U_064,73,180,15,57,1,30,13,6,4,0,1
U_065,5,9,1,2,0,1,1,0,1,0,0
U_066,62,90,0,57,0,9,5,2,3,2,0
U_067,57,123,0,15,1,27,6,2,6,0,1
U_068,55,42,25,38,0,5,12,6,2,0,0
U_069,16,64,0,15,0,6,4,2,3,0,0
U_070,39,24,18,39,1,6,3,4,5,4,0
U_071,41,63,0,4,2,12,2,2,7,1,0
U_072,87,335,59,74,1,26,3,3,12,7,0
U_073,96,6,32,49,0,13,16,6,8,9,0
U_074,89,568,22,30,2,33,14,7,13,7,0
U_075,15,36,3,12,0,0,2,2,2,0,0
U_076,18,12,0,18,0,1,2,2,2,0,0
U_077,50,320,4,12,2,18,2,2,0,5,0
U_078,1,0,0,1,0,0,0,0,0,0,0
U_079,19,32,0,8,0,8,3,1,0,2,0
U_080,78,264,0,3,1,14,5,3,4,4,1
U_081,92,470,0,79,4,43,16,1,13,11,0
U_082,46,45,14,17,2,3,9,4,4,2,0
U_083,48,66,1,16,1,1,11,4,3,0,0
U_084,4,36,1,1,0,2,1,0,0,0,0
U_085,30,10,2,3,1,10,4,1,0,2,0
U_086,26,42,0,3,1,13,7,0,0,2,0
U_087,1,0,1,1,0,1,0,0,0,0,0
U_088,13,8,9,10,1,4,2,0,1,0,0
U_089,19,5,1,2,0,5,5,1,2,0,0
U_090,58,171,18,29,1,5,4,0,7,0,0
U_091,65,24,0,26,3,19,9,6,6,4,0
U_092,92,63,0,14,0,26,16,4,13,9,0
U_093,42,63,30,35,1,19,2,3,4,3,0
U_094,57,216,0,46,1,20,3,6,5,0,0
U_095,82,297,0,80,1,0,18,9,6,0,1
U_096,74,72,0,57,0,32,0,5,5,1,0
U_097,91,2,27,32,2,27,23,0,8,2,0
U_098,57,150,0,36,0,23,2,2,5,5,0
U_099,81,75,0,72,9,12,9,6,8,3,1
U_100,63,560,0,62,3,24,11,4,3,5,0
U_101,57,140,0,18,0,20,11,4,8,1,0
U_102,96,320,0,58,2,48,9,11,15,11,0
U_103,48,29,6,26,3,2,1,2,6,3,1
U_104,30,75,2,2,0,6,4,3,1,3,0
U_105,51,32,38,44,4,6,10,5,4,5,0
U_106,68,125,0,15,3,30,1,7,0,1,0
U_107,33,24,11,14,1,10,4,2,2,3,0
U_108,40,175,5,15,2,7,4,2,2,1,0
U_109,28,10,3,18,0,9,6,1,1,0,0
U_110,69,288,0,63,0,31,7,2,7,6,0
U_111,28,170,0,13,3,4,3,1,1,0,0
U_112,31,200,0,8,0,8,2,3,1,2,0
U_113,6,24,1,5,0,1,2,0,1,0,0
U_114,82,33,25,68,0,30,7,3,6,2,0
U_115,30,20,1,4,2,1,6,0,2,3,0
U_116,24,120,3,21,2,3,6,1,4,2,0
U_117,19,10,0,11,0,1,4,0,2,2,0
U_118,21,36,6,12,0,0,3,2,2,2,0
U_119,24,144,10,13,1,2,6,0,2,1,0
U_120,87,632,16,16,2,23,2,1,6,8,0
U_121,92,70,5,79,6,15,8,5,4,3,0
U_122,3,0,1,1,0,1,0,0,0,0,0
U_123,65,70,40,58,1,15,13,2,2,3,0
U_124,66,192,47,49,1,13,16,5,3,4,1
U_125,49,294,1,6,1,22,3,3,5,5,0
U_126,48,133,0,8,1,10,9,5,3,3,0
U_127,71,585,0,41,1,2,16,1,3,6,0
U_128,1,4,0,1,0,1,0,0,0,0,0
U_129,43,20,2,14,1,8,10,4,1,0,0
U_130,49,21,0,10,5,25,10,4,6,5,0
U_131,22,16,0,3,0,2,2,2,0,0,0
U_132,96,140,3,49,0,38,8,0,10,3,0
U_133,35,22,13,28,2,9,4,1,4,0,0
U_134,33,75,6,6,0,4,4,1,2,0,1
U_135,96,12,22,94,2,35,19,6,10,7,0
U_136,0,0,0,0,0,0,0,0,0,0,0
U_137,27,140,9,26,0,8,6,1,3,2,0
U_138,65,120,17,30,2,15,0,5,5,3,0
U_139,22,147,14,21,0,6,5,2,1,0,0
U_140,31,18,5,11,0,5,6,0,2,2,0
U_141,0,0,0,0,0,0,0,0,0,0,0
U_142,88,170,15,41,0,35,0,1,7,10,0
U_143,57,75,42,47,1,28,8,2,1,1,0
U_144,15,16,0,15,0,0,3,1,0,0,0
U_145,20,0,14,16,0,4,1,2,1,1,0
U_146,6,4,0,5,0,0,0,0,1,0,0
U_147,92,372,0,13,2,42,11,0,3,4,1
U_148,52,44,4,13,2,16,11,2,7,1,0
U_149,42,270,0,27,0,21,8,1,2,0,0
U_150,46,10,0,18,1,11,2,4,1,5,0
U_151,22,0,2,16,1,1,5,2,0,0,0
U_152,8,3,1,5,0,0,1,0,1,1,0
U_153,58,136,11,50,1,0,4,4,5,0,0
U_154,42,369,0,33,3,2,9,1,5,0,0
U_155,4,6,0,1,0,2,1,0,0,0,0
U_156,13,55,0,2,0,2,1,0,2,1,0
U_157,78,560,0,48,2,21,10,3,8,0,0
U_158,3,7,1,1,0,1,0,0,0,0,0
U_159,20,99,2,17,0,0,1,2,0,1,1
U_160,28,147,1,2,0,7,2,0,1,2,0
U_161,30,64,0,2,1,15,4,2,1,1,0
U_162,19,120,0,5,1,3,1,0,0,2,0
U_163,28,225,2,2,2,2,5,1,1,3,1
U_164,82,72,0,12,1,0,20,7,1,6,1
U_165,76,60,0,31,4,34,4,4,4,7,0
U_166,94,144,19,34,4,28,2,2,15,1,0
U_167,51,108,27,34,1,22,2,3,7,3,0
U_168,26,35,0,17,2,1,0,2,1,2,0
U_169,7,16,0,4,0,4,2,1,1,0,0
U_170,74,512,13,58,3,21,1,4,8,4,1
U_171,11,24,1,1,0,4,3,0,0,1,0
U_172,94,66,0,40,2,21,15,5,14,3,0
U_173,27,144,25,26,0,9,6,0,3,3,0
U_174,21,60,2,2,0,9,4,0,1,2,0
U_175,52,234,14,14,3,16,11,3,3,6,0
U_176,86,58,0,15,1,40,20,3,2,1,0
U_177,66,10,0,19,4,13,16,3,4,3,0
U_178,42,12,2,17,0,18,5,3,4,3,0
U_179,66,0,0,18,1,22,9,4,6,1,0
U_180,0,0,0,0,0,0,0,0,0,0,0
U_181,65,147,5,41,2,12,14,2,8,2,0
U_182,75,36,0,58,6,26,16,3,2,7,0
U_183,8,64,3,7,0,4,2,0,1,0,0
U_184,79,270,5,33,1,7,9,2,9,1,0
U_185,80,360,0,11,7,38,19,6,1,4,0
U_186,68,118,5,9,1,34,15,6,10,2,1
U_187,97,31,0,32,4,44,11,1,8,5,1
U_188,84,15,5,20,1,19,2,1,7,0,0
U_189,40,72,6,13,2,11,10,4,6,3,0
U_190,32,224,0,25,1,15,8,2,3,3,0
U_191,11,7,5,9,0,3,2,1,2,0,0
U_192,21,52,1,1,2,0,3,2,1,1,0
U_193,60,100,1,37,2,6,8,1,10,1,0
U_194,92,60,64,73,5,10,20,6,11,6,1
U_195,13,2,2,5,0,2,3,1,0,0,0
U_196,63,108,0,14,5,13,2,2,8,1,0
U_197,99,366,58,60,3,4,17,4,4,5,0
U_198,35,55,0,24,1,6,3,1,3,4,0
U_199,23,48,3,14,0,4,1,0,4,0,0
U_200,46,45,0,5,1,15,4,4,1,3,0
U_201,32,230,21,26,1,8,5,0,2,1,0
U_202,51,196,2,7,0,3,3,3,4,6,0
U_203,17,48,2,3,0,7,3,1,2,2,0
U_204,91,84,0,47,9,45,18,5,9,6,0
U_205,79,144,8,16,1,18,20,4,5,5,1
U_206,66,40,0,7,5,15,2,4,3,0,0
U_207,50,50,1,31,1,18,8,5,5,3,0
U_208,2,9,0,2,0,1,1,0,0,0,0
U_209,10,24,1,7,0,2,1,0,0,0,0
U_210,97,144,18,21,1,6,22,9,3,5,0
U_211,89,435,9,83,2,15,8,7,7,3,1
U_212,25,24,0,4,1,12,2,2,4,1,0
U_213,4,4,0,3,0,1,0,0,0,0,0
U_214,92,246,28,61,3,45,20,8,12,1,0
U_215,41,88,5,18,1,12,1,3,1,0,0
U_216,28,160,0,3,2,8,6,2,4,3,0
U_217,56,25,0,2,1,11,10,5,7,4,0
U_218,37,192,0,33,1,11,0,3,1,1,0
U_219,82,68,0,29,1,15,15,4,1,4,0
U_220,15,51,3,3,0,4,2,2,2,0,0
U_221,31,120,15,26,0,9,1,0,1,3,0
U_222,34,108,0,7,1,3,3,2,6,1,0
U_223,84,46,0,77,8,15,1,3,11,0,1
U_224,7,74,0,3,1,1,1,0,0,0,0
U_225,69,65,17,24,2,31,11,3,12,4,0
U_226,72,112,25,63,6,1,12,1,11,0,0
U_227,80,96,0,20,3,23,1,1,5,0,0
U_228,23,79,0,1,2,1,4,2,1,2,0
U_229,40,53,0,34,4,9,9,3,6,0,0
U_230,31,99,4,6,0,6,8,1,1,0,0
U_231,3,80,0,2,0,0,1,0,0,0,0
U_232,20,100,0,2,0,2,0,1,3,0,0
U_233,98,136,1,34,0,39,16,7,1,3,0
U_234,29,100,1,1,1,6,1,2,3,0,0
U_235,35,98,0,25,1,15,5,1,5,2,0
U_236,2,8,0,1,0,1,1,0,0,0,0
U_237,68,34,18,41,2,12,9,7,10,5,0
U_238,60,141,0,53,2,25,4,6,1,5,0
U_239,4,83,0,2,0,0,1,0,0,0,0
U_240,54,140,0,10,0,4,13,5,5,1,1
U_241,54,56,6,28,1,17,7,2,6,0,0
U_242,20,87,0,14,0,10,5,1,0,1,0
U_243,34,132,11,19,0,0,6,0,0,3,0
U_244,35,98,0,15,4,6,2,2,2,0,0
U_245,14,15,0,2,0,1,2,1,2,1,0
U_246,44,21,12,32,2,7,9,1,7,2,0
U_247,73,74,0,19,3,0,13,3,8,2,0
U_248,87,113,50,58,6,36,21,4,4,9,0
U_249,76,79,0,20,2,29,15,7,1,9,0
U_250,63,97,21,51,7,26,12,1,8,6,0
U_251,62,138,2,61,2,24,3,5,10,0,0
U_252,62,72,12,23,1,2,2,1,0,6,1
U_253,9,79,0,6,1,4,1,1,1,0,0
U_254,8,53,0,2,0,3,0,0,1,0,0
U_255,10,84,0,1,0,3,1,0,2,0,0
U_256,62,75,0,5,3,21,13,1,2,3,0
U_257,46,58,1,1,0,10,9,1,5,5,0
U_258,33,92,0,22,2,0,7,2,2,3,0
U_259,88,134,14,30,5,22,1,2,3,3,0
U_260,50,40,0,42,0,2,8,0,6,2,1
U_261,62,30,14,47,1,29,13,2,9,4,0
U_262,78,135,38,54,0,35,1,7,13,2,0
U_263,72,103,19,37,5,18,14,7,7,2,0
U_264,75,169,0,51,0,10,6,5,8,5,0
U_265,65,61,0,58,6,32,2,0,11,8,0
U_266,23,102,0,12,1,11,3,2,3,0,0
U_267,37,97,1,1,2,2,5,2,3,3,1
U_268,54,89,0,12,1,2,13,1,5,1,0
U_269,31,71,10,10,2,0,6,3,1,1,0
U_270,93,65,55,73,1,4,20,7,3,6,0
U_271,62,97,0,47,1,24,1,5,9,2,0
U_272,93,17,0,67,1,35,3,8,11,6,1
U_273,56,102,3,27,4,0,4,5,9,4,0
U_274,76,88,0,20,0,14,6,6,1,3,0
U_275,95,50,0,64,6,22,15,8,11,5,0
U_276,42,77,0,14,3,1,10,2,2,5,0
U_277,29,93,0,11,1,4,5,0,4,0,0
U_278,65,125,12,22,0,15,14,1,4,8,0
U_279,85,136,23,47,0,39,16,1,0,0,0
U_280,72,75,0,7,5,3,0,4,12,0,1
U_281,81,21,8,12,3,24,6,6,5,1,0
U_282,90,149,0,90,5,30,5,6,6,7,1
U_283,41,71,2,6,2,12,5,1,6,2,0
U_284,45,53,0,29,1,11,11,4,0,0,0
U_285,77,84,13,13,4,2,15,5,7,3,0
U_286,10,54,2,3,0,1,0,0,1,1,0
U_287,75,108,0,32,5,30,18,3,4,8,0
U_288,42,76,0,16,0,20,3,3,3,0,0
U_289,54,109,49,53,3,21,6,1,8,6,0
U_290,97,45,82,86,1,21,5,3,15,6,0
U_291,39,67,0,8,1,14,2,0,1,0,0
U_292,56,96,0,5,6,28,9,6,6,6,0
U_293,46,37,25,28,1,17,5,2,0,4,1
U_294,81,135,12,25,0,40,15,7,13,8,0
U_295,6,98,2,3,1,2,2,0,1,0,0
U_296,97,80,0,9,8,34,24,9,10,6,0
U_297,8,15,0,7,0,4,1,0,1,0,0
U_298,23,87,5,16,2,11,6,1,2,1,1
U_299,100,119,0,20,7,11,19,2,14,7,0
U_300,21,108,6,13,1,7,2,2,0,1,0
U_301,89,99,0,52,7,29,21,9,3,5,1
U_302,93,122,56,84,2,36,17,1,11,11,0
U_303,96,129,1,34,3,26,15,5,12,7,0
U_304,83,55,0,82,1,3,19,8,11,0,0
U_305,35,13,14,27,1,7,8,2,4,1,1
U_306,29,9,0,2,1,6,6,1,3,1,0
U_307,43,98,2,7,1,18,4,0,4,4,1
U_308,7,10,0,2,0,2,2,0,0,0,0
U_309,44,49,36,37,1,14,1,4,5,3,0
U_310,60,52,0,27,1,14,14,3,3,7,0
U_311,21,121,0,12,0,2,3,1,1,2,0
U_312,3,25,1,3,0,0,1,0,1,0,0
U_313,70,93,0,30,2,9,11,0,9,3,0
U_314,41,122,0,21,1,19,2,0,4,0,0
U_315,84,149,18,80,3,38,7,9,11,9,0
U_316,31,29,5,21,0,15,3,0,5,0,0
U_317,74,28,15,54,0,15,11,6,9,9,0
U_318,17,24,0,13,1,3,3,1,2,2,0
U_319,48,19,4,9,1,9,4,0,5,4,0
U_320,3,36,1,2,0,1,1,0,0,0,0
U_321,41,29,0,4,1,18,9,1,0,0,0
U_322,11,100,6,10,0,2,1,1,0,1,0
U_323,51,43,0,19,1,24,11,0,9,1,0
U_324,22,46,0,22,0,2,1,2,2,1,0
U_325,59,131,42,46,1,3,11,3,2,5,1
U_326,94,85,0,67,6,27,2,0,13,8,0
U_327,81,132,7,11,1,34,3,8,2,1,0
U_328,19,30,0,7,0,1,1,2,2,0,0
U_329,81,128,0,41,1,20,6,5,12,1,0
U_330,78,121,5,14,4,1,3,1,6,6,0
U_331,39,118,0,23,0,3,5,2,1,1,0
U_332,19,59,0,8,2,5,1,0,0,2,0
U_333,35,74,0,35,1,9,5,2,5,3,0
U_334,52,116,20,26,2,14,9,2,8,0,0
U_335,43,78,9,9,3,11,0,5,3,4,1
U_336,68,75,4,11,0,7,9,5,10,0,0
U_337,100,76,0,15,0,29,19,1,1,11,0
U_338,7,28,0,3,1,3,1,1,0,0,0
U_339,31,57,15,31,1,3,6,1,1,0,0
U_340,4,54,2,3,0,1,0,0,1,0,0
U_341,11,80,0,6,0,2,2,1,1,0,0
U_342,43,108,0,28,0,8,6,1,5,1,0
U_343,37,51,0,5,4,19,2,4,2,3,0
U_344,51,131,31,32,0,21,2,6,0,1,0
U_345,71,146,0,45,0,29,8,8,8,1,1
U_346,95,102,0,7,6,28,17,9,9,4,0
U_347,37,124,2,8,3,7,6,0,1,1,0
U_348,93,179,3,3,1,34,21,4,12,1,0
U_349,3,24,1,1,0,0,0,0,0,0,0
U_350,27,57,10,14,3,10,7,2,3,2,0
U_351,49,130,3,26,4,17,4,3,4,2,1
U_352,56,94,0,23,1,28,5,5,4,0,0
U_353,87,61,3,16,0,22,8,4,13,4,0
U_354,74,92,10,20,4,36,17,8,6,7,0
U_355,35,66,0,13,2,4,7,2,5,4,0
U_356,40,77,0,14,2,7,4,1,1,0,0
U_357,57,96,19,52,4,4,11,4,1,6,0
U_358,61,90,41,57,2,22,3,2,4,6,0
U_359,72,87,0,66,1,34,5,7,4,2,0
U_360,9,11,0,7,0,4,1,0,1,1,0
U_361,53,119,11,21,0,5,11,4,9,0,0
U_362,51,67,0,6,1,11,2,0,3,3,0
U_363,96,65,16,41,2,38,2,8,3,11,0
U_364,2,72,1,1,0,0,0,0,0,0,0
U_365,96,76,45,67,0,31,16,1,4,0,0
U_366,79,88,0,47,1,39,19,5,6,9,0
U_367,17,28,0,5,0,3,1,2,1,0,0
U_368,20,85,0,10,1,3,2,1,0,1,1
U_369,86,120,6,52,4,1,12,2,10,2,0
U_370,6,49,0,6,0,1,1,1,1,0,0
U_371,84,104,0,22,1,34,0,6,13,8,0
U_372,38,78,13,14,0,17,9,2,2,1,0
U_373,28,88,4,12,0,8,6,1,0,2,0
U_374,37,26,21,23,1,5,9,3,3,0,0
U_375,47,108,0,4,1,20,0,4,3,1,0
U_376,95,42,0,69,2,39,8,4,4,5,0
U_377,12,53,1,1,1,3,2,1,0,1,0
U_378,35,108,0,27,1,2,5,2,3,1,0
U_379,86,139,0,60,9,11,10,7,1,10,0
U_380,64,138,0,56,1,31,0,7,1,4,0
U_381,27,26,4,12,3,3,1,1,1,3,0
U_382,87,123,1,10,3,37,6,9,13,8,0
U_383,26,62,7,12,0,11,5,2,3,0,0
U_384,84,61,7,8,0,37,13,0,13,6,0
U_385,96,92,35,49,2,30,9,4,0,8,0
U_386,12,104,7,7,0,2,2,1,1,1,0
U_387,27,47,7,9,0,7,5,3,1,0,0
U_388,21,41,2,10,1,5,4,0,3,0,0
U_389,74,140,33,43,2,1,11,0,10,9,0
U_390,62,74,32,45,1,30,7,2,3,0,1
U_391,68,93,1,9,6,27,6,5,3,5,1
U_392,91,107,0,87,2,4,19,6,11,11,0
U_393,35,76,0,9,2,3,3,0,1,1,0
U_394,59,65,18,27,1,7,0,5,3,2,0
U_395,35,65,12,13,1,10,5,1,6,1,0
U_396,63,117,0,63,1,13,3,5,4,6,0
U_397,44,63,0,37,1,15,11,1,2,0,0
U_398,61,98,4,6,1,5,8,2,10,4,0
U_399,49,50,5,43,0,11,5,5,1,1,0
U_400,4,66,2,2,0,1,1,0,1,0,0
U_401,20,36,14,15,1,6,3,1,2,2,0
U_402,12,33,0,2,0,5,1,1,2,0,0
U_403,81,50,0,26,5,15,16,3,7,9,1
U_404,36,32,0,3,2,1,8,2,3,1,0
U_405,42,102,0,20,0,11,9,3,6,3,0
U_406,90,150,60,62,1,40,6,3,7,9,1
U_407,8,82,3,4,1,4,0,1,1,0,0
U_408,17,42,0,8,1,9,4,1,0,0,0
U_409,82,28,14,16,0,5,17,3,2,6,0
U_410,58,59,28,44,0,24,12,5,1,3,0
U_411,39,89,1,1,2,9,9,2,5,2,0
U_412,54,34,5,24,0,13,2,6,0,1,0
U_413,74,109,0,43,3,15,1,8,11,8,0
U_414,28,31,1,2,2,8,4,0,2,0,0
U_415,39,126,0,29,2,10,6,2,2,0,1
U_416,29,65,0,11,0,2,6,0,5,3,0
U_417,68,148,48,49,2,25,11,2,6,6,0
U_418,26,53,22,24,1,4,5,0,2,2,0
U_419,43,50,39,39,0,1,5,0,2,3,0
U_420,9,94,4,9,0,2,1,1,1,0,0
U_421,64,51,0,56,4,22,0,5,11,8,0
U_422,45,7,22,23,2,10,8,4,6,5,0
U_423,80,139,0,6,6,29,20,3,4,10,0
U_424,65,90,48,65,0,12,10,3,3,2,1
U_425,12,82,0,7,1,0,3,1,1,1,0
U_426,15,20,0,5,0,3,2,2,2,1,0
U_427,28,110,7,22,0,3,1,0,5,2,0
U_428,75,63,0,64,2,12,17,1,8,3,1
U_429,62,47,0,10,3,14,15,7,5,0,0
U_430,44,110,1,6,4,6,11,3,1,0,0
U_431,20,43,0,16,2,2,1,2,2,2,0
U_432,10,78,0,10,0,4,2,1,2,0,0
U_433,59,56,5,34,7,13,0,4,4,4,0
U_434,31,59,2,2,2,0,1,1,3,0,0
U_435,6,83,4,5,0,2,1,1,1,0,0
U_436,50,50,0,23,0,21,2,4,3,3,0
U_437,11,68,0,10,0,5,2,1,1,1,0
U_438,62,131,0,56,0,26,1,0,1,2,0
U_439,49,102,0,6,0,21,7,0,3,2,0
U_440,4,60,2,3,0,0,0,0,1,0,0
U_441,29,75,16,23,0,2,4,3,2,2,0
U_442,50,109,4,20,2,10,3,0,6,3,0
U_443,59,84,2,2,2,9,13,3,3,6,0
U_444,27,50,0,14,0,13,3,2,0,2,0
U_445,28,43,0,25,0,1,5,2,3,0,0
U_446,58,123,0,49,0,9,2,6,5,0,0
U_447,3,97,2,2,0,2,0,0,0,0,0
U_448,4,42,2,3,0,1,0,0,0,0,0
U_449,94,83,5,38,3,17,14,10,3,10,0
U_450,75,140,6,20,5,5,14,4,7,5,0
U_451,5,73,2,4,0,1,0,0,0,0,0
U_452,95,57,35,41,8,24,24,4,15,9,0
U_453,96,35,0,80,3,10,14,2,8,4,0
U_454,55,117,0,39,0,17,14,1,1,4,0
U_455,14,28,1,1,0,5,1,0,0,1,0
U_456,79,111,63,67,0,11,15,0,2,2,0
U_457,41,15,2,36,1,17,10,1,2,2,0
U_458,81,59,0,53,5,27,12,7,10,3,0
U_459,75,114,2,4,6,29,4,8,8,8,0
U_460,86,109,25,32,4,22,6,3,7,4,1
U_461,26,68,0,5,1,11,4,3,1,0,0
U_462,25,81,22,23,1,12,6,2,3,1,0
U_463,21,46,16,16,1,2,5,2,3,2,0
U_464,14,24,1,1,0,2,1,0,1,1,0
U_465,71,28,0,39,0,26,13,2,1,3,0
U_466,61,82,8,11,1,20,1,6,6,2,1
U_467,61,126,0,3,1,19,4,1,2,3,0
U_468,9,94,0,8,0,1,2,1,1,1,0
U_469,41,90,0,3,2,18,2,2,7,4,0
U_470,86,103,20,80,6,18,2,8,14,6,0
U_471,73,29,1,37,1,6,9,1,8,8,0
U_472,24,57,1,1,0,7,6,2,3,2,0
U_473,79,36,42,53,3,5,15,4,0,4,1
U_474,10,22,0,6,0,2,2,0,1,1,0
U_475,11,54,0,2,1,3,3,1,2,0,0
U_476,32,112,2,2,0,8,1,0,3,4,0
U_477,39,53,0,34,1,6,7,2,4,0,0
U_478,61,118,0,44,0,29,11,1,5,6,0
U_479,66,70,8,36,6,30,4,1,3,5,0
U_480,17,18,3,6,0,1,3,2,1,1,0
U_481,56,100,16,33,2,11,12,5,0,5,0
U_482,2,68,1,2,0,1,0,0,0,0,0
U_483,46,91,4,27,2,17,11,4,5,0,0
U_484,53,102,0,46,1,2,8,3,8,4,0
U_485,45,90,17,41,4,7,1,0,6,0,0
U_486,87,70,41,45,4,39,8,8,2,6,0
U_487,15,105,4,5,0,4,3,0,1,0,1
U_488,88,96,26,45,1,11,5,8,3,7,0
U_489,80,142,3,27,1,33,14,0,8,3,0
U_490,43,68,0,16,0,19,3,0,1,5,0
U_491,44,49,5,11,0,19,6,4,4,5,0
U_492,88,130,0,6,7,41,5,7,6,7,0
U_493,100,117,0,18,1,28,2,7,1,12,0
U_494,33,76,25,30,0,14,8,3,5,0,0
U_495,90,53,7,10,2,40,20,8,15,8,1
U_496,70,59,14,42,5,12,7,5,7,5,0
U_497,79,129,8,40,0,4,7,5,0,6,0
U_498,98,60,0,16,2,27,14,3,15,4,0
U_499,17,16,0,7,1,6,4,0,2,0,0
U_500,18,89,0,2,2,1,2,0,1,1,0
U_501,79,138,0,74,0,4,10,1,0,8,0
U_502,54,69,25,37,0,5,6,4,4,1,0
U_503,18,19,3,3,1,2,3,1,0,2,0
U_504,33,75,0,21,1,2,3,3,4,3,0
U_505,16,25,0,16,1,8,0,0,2,1,0
U_506,92,122,0,29,1,8,17,9,11,9,0
U_507,62,64,10,27,2,27,10,2,2,5,0
U_508,39,58,0,39,0,10,0,1,0,1,0
U_509,43,131,4,11,4,20,2,2,1,2,0
U_510,82,97,7,25,4,36,18,9,2,8,1
U_511,15,93,3,4,0,0,1,2,0,1,0
U_512,65,116,9,11,2,10,13,4,2,2,0
U_513,21,96,5,6,1,8,2,2,0,0,0
U_514,78,82,28,32,1,29,15,2,6,0,0
U_515,48,43,0,6,2,16,9,0,6,0,0
U_516,29,92,0,4,3,13,3,3,4,3,0
U_517,68,122,0,43,6,18,2,1,9,6,0
U_518,44,121,0,12,1,2,4,3,5,4,0
U_519,98,143,0,44,0,18,22,5,1,7,0
U_520,70,94,42,69,2,4,2,1,2,3,0
U_521,53,38,23,23,2,8,13,4,4,5,0
U_522,92,22,18,30,1,7,2,0,8,0,0
U_523,86,89,0,78,2,10,17,2,4,3,0
U_524,96,54,0,23,1,41,17,5,12,6,0
U_525,93,122,76,85,4,8,19,9,3,1,1
U_526,35,64,3,3,1,14,6,1,0,0,0
U_527,49,101,4,8,0,22,10,2,5,6,0
U_528,27,20,14,14,1,2,7,0,1,2,0
U_529,40,122,8,11,4,13,0,0,4,2,0
U_530,3,18,0,2,0,0,0,0,0,0,0
U_531,97,159,0,61,5,5,2,1,3,6,1
U_532,22,106,1,7,1,11,4,1,4,0,0
U_533,76,136,0,9,4,10,6,6,10,4,0
U_534,91,141,0,9,1,25,6,7,4,0,1
U_535,88,154,0,85,0,12,2,1,1,3,1
U_536,33,25,1,5,0,16,2,3,4,2,0
U_537,40,13,8,10,1,11,4,3,1,0,0
U_538,89,29,16,21,2,36,15,1,11,11,0
U_539,49,90,31,38,1,16,9,2,5,4,0
U_540,44,115,0,24,0,1,4,1,2,2,0
U_541,63,127,2,32,0,15,11,2,9,2,1
U_542,94,106,4,42,5,47,19,5,9,1,0
U_543,59,72,0,38,3,5,13,2,2,7,0
U_544,53,58,0,33,1,6,7,1,6,2,0
U_545,97,146,53,68,1,39,24,4,14,3,0
U_546,59,57,0,44,0,25,3,4,4,5,0
U_547,44,116,5,8,4,1,7,3,4,3,0
U_548,72,81,0,8,2,4,1,1,10,2,0
U_549,51,102,0,16,0,9,6,5,7,4,0
U_550,61,135,0,26,2,24,5,4,8,4,0
U_551,44,53,1,25,1,1,11,1,3,5,0
U_552,77,96,7,21,4,24,14,3,7,2,0
U_553,75,115,0,9,3,11,8,7,2,3,0
U_554,53,113,0,36,0,16,9,4,7,5,1
U_555,8,102,1,4,0,3,2,0,1,1,0
U_556,17,55,0,6,0,1,3,1,0,0,0
U_557,19,25,0,18,1,5,1,0,2,0,0
U_558,85,43,0,77,0,24,16,0,4,8,0
U_559,49,62,23,43,1,22,9,2,2,6,0
U_560,17,40,1,1,0,1,1,2,0,1,0
U_561,9,85,0,2,1,1,2,0,1,0,0
U_562,25,92,0,3,1,2,6,2,4,3,0
U_563,13,84,0,11,0,7,0,1,1,1,0
U_564,2,84,2,2,0,1,1,0,0,0,0
U_565,36,28,24,24,0,2,3,2,6,2,0
U_566,82,31,0,31,5,35,8,7,2,6,1
U_567,65,108,0,25,1,19,8,7,7,1,0
U_568,60,35,0,56,1,22,2,2,5,7,0
U_569,24,97,0,8,1,9,6,0,1,1,0
U_570,21,109,0,21,1,1,0,2,3,1,0
U_571,92,136,0,43,2,8,17,10,2,8,1
U_572,93,137,0,65,10,31,10,3,9,6,0
U_573,80,132,0,8,5,17,19,3,8,10,1
U_574,90,80,0,72,3,44,15,6,10,9,1
U_575,72,92,0,18,5,16,5,4,9,3,0
U_576,15,28,1,3,0,3,1,1,2,1,0
U_577,46,84,0,24,1,1,6,3,5,3,0
U_578,26,71,2,5,0,12,6,0,1,0,0
U_579,38,85,14,16,3,12,1,1,1,3,0
U_580,87,98,1,5,0,2,9,1,4,4,0
U_581,19,73,1,1,1,2,2,0,1,1,0
U_582,36,74,1,20,1,6,3,0,1,3,0
U_583,43,66,0,34,2,11,9,4,1,3,0
U_584,22,32,9,10,2,3,2,1,2,0,0
U_585,33,118,0,17,1,9,8,0,2,0,0
U_586,81,59,0,54,3,41,16,6,9,4,0
U_587,51,108,0,15,0,15,2,4,1,2,0
U_588,59,131,0,1,3,8,4,6,4,3,0
U_589,54,85,0,29,3,25,2,6,5,6,0
U_590,89,79,11,80,2,9,11,8,0,2,0
U_591,72,19,0,57,1,27,6,7,9,8,0
U_592,57,56,3,35,1,23,13,5,3,3,0
U_593,32,68,2,16,0,9,1,1,0,3,0
U_594,9,88,0,4,0,3,1,1,1,0,0
U_595,55,132,28,31,1,13,10,2,9,2,0
U_596,50,111,0,37,1,21,7,2,6,6,0
U_597,25,37,7,11,0,11,2,2,4,2,0
U_598,32,118,7,29,1,15,5,2,5,2,0
U_599,37,48,0,14,3,0,9,4,1,2,0
U_600,74,139,0,32,4,31,10,4,10,7,0
U_601,43,90,4,13,2,13,9,1,1,5,1
U_602,2,71,0,1,0,0,1,0,0,0,0
U_603,88,52,0,85,3,42,1,10,12,10,0
U_604,33,118,0,17,1,14,3,1,4,2,0
U_605,14,84,1,2,1,7,3,0,1,1,0
U_606,19,53,11,17,0,8,2,2,3,0,0
U_607,31,112,0,20,0,3,7,1,0,3,1
U_608,78,35,0,74,1,1,16,8,0,8,0
U_609,3,47,1,1,0,1,1,0,0,0,0
U_610,20,95,12,12,1,4,5,2,0,1,0
U_611,94,120,0,25,6,39,15,2,9,11,0
U_612,47,104,2,32,0,7,2,3,3,4,0
U_613,38,93,0,29,2,8,3,2,6,0,0
U_614,80,104,0,2,0,26,4,7,1,7,0
U_615,37,104,15,29,3,18,6,4,6,4,0
U_616,98,70,2,37,7,6,1,2,4,9,0
U_617,84,99,0,72,4,14,13,9,3,9,0
U_618,82,108,54,82,5,25,14,3,11,4,0
U_619,39,93,0,28,4,1,6,2,3,3,0
U_620,71,47,0,63,2,4,5,1,3,8,0
U_621,65,102,0,59,0,3,8,0,8,0,0
U_622,88,121,0,5,5,26,20,6,12,6,1
U_623,46,39,0,25,4,5,10,4,3,3,0
U_624,22,44,0,18,1,1,3,2,2,2,0
U_625,1,68,0,1,0,1,0,0,0,0,0
U_626,91,67,0,60,6,46,9,8,4,1,0
U_627,88,131,0,12,0,33,9,10,11,3,0
U_628,70,76,1,64,2,34,16,0,3,7,1
U_629,23,80,7,9,0,8,4,0,1,1,0
U_630,84,118,0,23,0,39,10,1,8,1,0
U_631,69,102,20,25,5,34,12,4,8,5,0
U_632,72,31,13,58,3,33,4,7,8,3,0
U_633,45,129,29,29,2,2,7,4,6,1,1
U_634,32,61,0,7,0,13,5,3,3,1,0
U_635,40,116,9,31,1,20,8,2,5,2,0
U_636,16,98,0,2,0,8,0,1,1,1,0
U_637,39,103,0,2,0,4,0,1,3,0,0
U_638,36,89,0,2,0,18,4,0,4,0,0
U_639,49,89,33,38,1,2,3,1,1,5,0
U_640,57,83,1,8,0,28,13,1,0,7,0
U_641,49,74,1,4,1,12,0,1,3,3,0
U_642,24,110,21,23,1,11,6,1,4,1,0
U_643,16,106,0,15,0,8,2,1,3,1,0
U_644,79,38,0,38,0,36,12,1,11,1,0
U_645,66,84,26,29,2,2,3,6,6,1,0
U_646,35,59,0,1,0,5,1,3,2,3,0
U_647,41,69,7,9,2,21,9,4,6,4,0
U_648,19,54,14,15,0,4,0,0,0,2,0
U_649,80,58,0,40,2,19,10,6,9,3,1
U_650,3,17,0,3,0,1,0,0,1,0,0
U_651,85,73,0,80,2,34,19,9,5,10,0
U_652,30,68,0,30,1,15,4,1,3,3,0
U_653,70,99,0,60,1,27,10,1,3,1,0
U_654,19,66,3,10,2,1,2,1,1,2,0
U_655,34,73,12,12,0,11,6,2,6,1,0
U_656,12,64,10,10,1,2,2,0,1,1,0
U_657,92,104,0,2,0,34,8,6,15,6,0
U_658,61,87,0,4,1,20,11,6,4,4,0
U_659,59,91,0,44,1,22,12,3,5,5,0
U_660,67,128,0,11,5,31,8,6,9,7,1
U_661,95,90,0,14,4,21,23,2,4,7,0
U_662,34,105,1,5,2,6,1,3,3,1,0
U_663,55,59,0,50,5,17,5,4,9,5,0
U_664,51,61,22,28,4,3,10,1,1,5,0
U_665,43,74,0,36,3,14,0,3,5,2,0
U_666,81,103,0,3,1,20,17,1,12,0,0
U_667,57,122,22,43,1,10,8,0,5,0,0
U_668,85,82,72,73,4,3,12,1,7,1,1
U_669,18,102,4,12,1,1,2,0,1,2,0
U_670,25,73,9,14,0,11,3,3,0,0,0
U_671,4,83,2,3,0,2,1,0,0,0,0
U_672,58,76,0,34,4,24,11,3,3,5,0
U_673,88,93,0,10,5,3,9,6,4,6,0
U_674,94,122,0,79,4,42,6,6,9,10,0
U_675,70,25,0,24,1,8,7,6,7,8,0
U_676,81,28,15,61,0,18,6,2,10,3,0
U_677,44,79,0,3,0,18,10,3,6,3,0
U_678,17,84,1,11,0,9,2,2,2,1,0
U_679,24,80,2,3,0,11,1,0,3,1,0
U_680,26,98,11,16,1,9,6,0,0,3,0
U_681,45,64,0,42,0,17,4,0,6,4,0
U_682,87,137,2,13,1,29,13,5,14,8,1
U_683,96,143,0,66,0,40,17,11,7,5,1
U_684,12,86,0,1,0,6,2,1,1,0,0
U_685,17,99,0,13,0,5,1,1,2,2,0
U_686,26,29,4,4,3,6,5,3,3,2,0
U_687,67,95,13,14,2,20,5,3,1,3,0
U_688,15,92,6,10,0,4,3,1,1,1,0
U_689,24,18,0,12,0,2,3,2,2,0,0
U_690,79,95,0,3,5,8,5,6,0,9,1
U_691,18,17,4,7,0,8,3,2,1,1,0
U_692,55,135,22,48,0,19,12,1,9,1,0
U_693,3,18,0,1,0,0,0,0,0,0,0
U_694,6,80,2,5,0,2,2,1,0,0,0
U_695,66,86,28,45,1,14,7,4,2,2,0
U_696,91,126,4,57,3,6,13,9,10,7,1
U_697,25,48,0,4,0,8,1,1,3,2,0
U_698,30,86,0,17,0,0,6,1,0,0,0
U_699,12,69,0,5,0,4,0,1,1,0,0
U_700,82,153,0,28,0,28,11,2,7,1,0
U_701,36,81,18,22,2,17,8,3,5,0,0
U_702,26,95,19,25,0,13,7,2,1,0,0
U_703,48,80,0,26,3,21,8,2,2,1,0
U_704,72,86,7,44,2,20,8,8,10,4,0
U_705,41,57,3,5,2,15,6,3,1,0,0
U_706,92,121,0,50,1,23,11,6,3,10,0
U_707,22,105,5,5,1,3,4,2,2,2,0
U_708,17,45,1,1,0,3,0,2,2,0,0
U_709,63,51,0,9,4,21,3,1,6,6,0
U_710,33,55,0,3,1,5,2,3,5,4,0
U_711,72,121,0,8,0,7,4,7,11,3,0
U_712,63,81,0,12,1,17,13,2,9,1,0
U_713,47,64,0,15,3,8,7,1,7,1,0
U_714,55,96,0,46,4,6,8,5,2,6,0
U_715,48,71,12,22,2,8,3,1,5,3,0
U_716,92,145,0,3,1,11,11,2,13,11,0
U_717,77,76,49,55,1,9,3,0,10,9,0
U_718,4,48,0,2,0,2,0,0,0,0,0
U_719,50,116,6,6,0,13,1,3,7,3,0
U_720,66,41,0,18,1,18,7,3,0,7,0
U_721,25,42,2,2,3,8,1,3,3,2,0
U_722,60,65,0,49,2,19,15,3,5,3,0
U_723,49,111,0,13,2,19,12,5,4,1,0
U_724,27,91,0,6,1,5,4,2,2,1,0
U_725,53,55,22,24,1,9,4,3,6,2,0
U_726,59,36,0,3,1,27,14,6,3,7,0
U_727,79,93,0,15,2,13,13,5,3,4,0
U_728,96,127,0,69,5,1,8,10,6,6,0
U_729,43,57,27,38,1,3,7,2,7,4,0
U_730,3,12,0,3,0,1,1,0,0,0,0
U_731,87,59,0,86,2,35,8,5,6,4,1
U_732,74,90,0,20,3,9,4,4,3,0,0
U_733,63,80,6,10,4,25,2,5,3,3,1
U_734,45,10,0,35,1,18,7,3,5,2,0
U_735,30,94,7,8,1,4,2,1,3,0,0
U_736,24,71,9,15,0,12,1,2,1,1,0
U_737,4,8,3,4,0,2,1,0,0,0,0
U_738,90,26,13,34,1,40,6,2,10,7,0
U_739,9,100,2,7,0,2,2,1,1,0,0
U_740,70,69,0,3,1,23,2,5,10,1,0
U_741,54,41,0,48,0,7,3,4,8,0,0
U_742,86,76,28,29,1,39,1,8,7,10,0
U_743,77,158,0,8,0,8,6,7,0,6,0
U_744,42,92,31,31,2,8,9,0,1,3,0
U_745,52,131,19,21,0,13,3,6,5,4,1
U_746,24,93,0,13,0,6,1,1,0,1,0
U_747,58,46,0,9,5,15,2,5,3,1,0
U_748,52,93,0,22,0,22,3,3,8,3,0
U_749,98,181,0,30,0,21,15,4,11,6,0
U_750,33,86,2,30,0,3,6,3,6,3,0
U_751,51,118,0,8,0,16,11,5,9,3,0
U_752,86,118,48,65,0,17,12,6,9,6,0
U_753,68,120,0,16,2,21,2,6,6,3,1
U_754,87,81,25,38,5,29,18,3,11,2,0
U_755,52,105,29,29,4,23,2,4,0,2,1
U_756,34,11,14,31,0,10,7,4,2,0,0
U_757,65,123,27,27,0,2,16,1,11,3,0
U_758,86,132,0,24,1,2,19,8,7,9,1
U_759,15,13,0,4,1,6,3,0,2,0,0
U_760,90,182,7,17,2,25,15,7,5,6,0
U_761,78,126,27,60,2,24,8,2,4,2,0
U_762,56,110,0,15,1,15,14,3,5,3,0
U_763,94,162,23,42,2,16,2,5,9,0,1
U_764,17,64,14,14,1,4,4,1,1,2,0
U_765,30,125,0,5,0,11,5,2,2,0,0
U_766,71,90,0,50,6,0,4,4,8,7,0
U_767,36,108,0,28,0,1,5,2,5,1,1
U_768,62,28,17,57,0,18,1,5,5,5,0
U_769,56,93,0,28,0,19,14,4,6,3,0
U_770,98,50,5,97,6,35,7,1,3,12,0
U_771,48,105,4,19,5,5,9,1,8,1,1
U_772,13,14,2,7,0,3,1,0,0,1,0
U_773,23,90,9,16,1,7,2,0,3,1,0
U_774,69,86,0,14,4,2,16,5,6,7,0
U_775,11,41,3,3,1,3,2,0,1,0,0
U_776,7,97,1,1,0,3,1,1,0,0,0
U_777,85,79,0,21,1,33,9,9,6,6,0
U_778,87,152,4,22,5,18,15,4,1,0,0
U_779,96,83,0,30,3,9,11,4,9,2,0
U_780,29,58,0,24,3,12,2,1,4,1,0
U_781,96,176,54,63,1,23,21,5,9,0,1
U_782,95,111,35,48,1,27,9,7,16,4,0
U_783,34,58,0,32,3,15,1,2,2,3,0
U_784,32,72,21,28,1,9,3,2,3,4,0
U_785,48,16,3,3,3,3,10,4,0,0,0
U_786,64,85,0,46,0,18,13,6,10,1,0
U_787,18,109,1,6,1,3,4,1,1,2,0
U_788,77,79,35,64,0,2,3,1,0,3,0
U_789,92,98,23,83,0,33,20,9,14,10,0
U_790,91,62,7,14,9,14,1,5,11,0,0
U_791,27,29,8,17,0,8,2,0,3,1,0
U_792,93,125,12,51,10,24,20,6,0,8,0
U_793,66,97,19,20,3,1,8,3,2,6,0
U_794,56,60,0,16,1,28,12,4,3,5,1
U_795,94,57,5,19,8,34,3,1,9,10,0
U_796,48,22,0,46,2,18,11,1,6,2,0
U_797,31,27,3,14,0,8,1,1,1,1,0
U_798,31,112,23,25,0,2,3,2,5,1,0
U_799,35,52,19,19,0,1,6,4,4,0,0
U_800,74,136,0,49,4,7,6,5,3,7,1
U_801,11,41,4,10,0,4,2,1,1,1,0
U_802,45,102,0,44,2,10,8,1,1,2,0
U_803,55,111,0,43,0,24,5,5,9,6,0
U_804,97,108,0,75,4,5,9,2,15,3,0
U_805,97,110,46,48,5,29,23,11,6,1,0
U_806,85,104,0,43,5,5,3,5,12,0,0
U_807,63,68,0,45,6,9,15,0,4,7,0
U_808,1,4,0,1,0,1,0,0,0,0,0
U_809,84,64,0,65,6,2,19,2,4,8,1
U_810,39,97,0,16,0,14,7,4,3,1,0
U_811,5,75,0,2,0,2,1,0,0,0,0
U_812,8,77,0,7,0,1,2,0,1,1,0
U_813,59,39,17,41,0,5,12,2,3,2,0
U_814,98,139,9,11,0,23,20,3,5,0,0
U_815,61,101,0,28,4,3,8,2,0,1,0
U_816,92,140,0,63,2,11,19,1,15,7,1
U_817,81,123,0,80,2,23,5,7,2,7,1
U_818,46,6,32,40,0,23,11,4,4,5,0
U_819,99,79,38,76,2,21,5,9,10,12,0
U_820,69,123,6,65,1,27,5,3,4,3,1
U_821,17,63,3,3,1,4,2,2,2,0,0
U_822,33,50,0,30,0,6,3,3,2,1,0
U_823,45,43,1,19,0,1,6,1,3,5,0
U_824,40,91,0,28,3,5,7,2,5,2,0
U_825,53,65,0,40,0,26,1,5,7,3,0
U_826,94,107,0,59,3,10,11,4,2,1,0
U_827,52,102,26,27,0,14,10,1,7,5,0
U_828,33,24,4,27,1,10,8,1,0,2,0
U_829,50,134,39,47,1,14,12,1,7,6,0
U_830,45,101,24,35,2,12,1,3,3,2,0
U_831,42,73,1,33,0,13,2,0,3,0,0
U_832,37,33,0,17,3,15,6,0,6,1,0
U_833,61,45,42,55,1,7,14,3,3,6,0
U_834,49,98,8,44,3,13,5,3,0,5,1
U_835,38,17,33,37,0,16,6,3,5,1,0
U_836,72,103,18,25,2,3,2,8,9,7,0
U_837,83,41,0,57,2,34,8,5,1,5,0
U_838,11,20,4,10,0,1,2,1,0,1,0
U_839,66,106,0,28,4,14,15,6,11,4,0
U_840,53,53,0,51,1,14,12,5,3,4,0
U_841,83,94,3,9,1,8,2,4,11,2,0
U_842,19,82,5,11,1,1,2,0,2,1,0
U_843,96,188,4,4,2,15,17,7,16,10,0
U_844,89,48,38,60,0,7,9,10,1,4,1
U_845,10,96,0,6,0,2,1,1,1,1,0
U_846,82,134,0,33,5,32,6,1,0,6,0
U_847,10,66,0,6,0,0,3,1,1,0,0
U_848,80,15,0,79,3,10,7,4,10,8,0
U_849,99,41,17,31,5,22,12,6,6,5,0
U_850,97,128,44,77,3,2,6,0,9,3,1
U_851,52,37,0,49,1,0,9,3,6,0,0
U_852,94,149,0,77,3,42,7,2,3,7,0
U_853,71,132,13,20,1,17,13,8,6,3,1
U_854,20,52,2,13,0,0,2,1,2,2,0
U_855,80,126,0,60,0,11,16,4,6,10,1
U_856,2,4,0,2,0,1,1,0,0,0,0
U_857,60,68,0,43,2,16,4,4,9,4,0
U_858,41,119,15,27,2,20,7,4,0,3,0
U_859,2,60,1,1,0,0,1,0,0,0,0
U_860,6,25,0,5,0,1,1,1,1,0,0
U_861,20,105,0,11,0,2,5,1,1,1,0
U_862,87,55,0,4,0,14,21,9,7,5,0
U_863,65,58,53,58,3,13,4,5,1,1,0
U_864,75,29,45,45,3,29,13,7,6,0,1
U_865,53,28,8,22,3,9,0,2,3,4,0
U_866,23,49,5,12,0,9,2,0,3,0,0
U_867,5,4,2,3,0,2,0,0,0,0,0
U_868,2,17,1,1,0,1,1,0,0,0,0
U_869,39,80,0,22,3,13,0,1,1,2,0
U_870,37,87,0,36,1,2,5,2,1,3,0
U_871,54,48,0,35,5,3,5,4,4,6,0
U_872,96,124,56,77,1,48,21,2,6,12,0
U_873,72,62,0,14,0,36,4,8,8,1,0
U_874,59,87,0,27,1,10,13,1,7,1,0
U_875,9,67,2,2,0,4,1,1,0,1,0
U_876,38,52,0,16,1,2,3,2,5,2,0
U_877,94,104,39,85,1,6,19,10,11,7,0
U_878,43,101,22,27,1,17,9,1,0,2,0
U_879,39,108,0,18,0,11,1,4,3,0,1
U_880,61,87,0,11,0,25,9,0,6,0,0
U_881,79,114,5,50,3,4,6,5,1,9,0
U_882,74,32,0,42,2,7,18,6,5,7,0
U_883,51,87,10,13,6,5,7,4,3,0,0
U_884,46,58,0,7,1,10,8,1,3,2,0
U_885,87,127,0,39,0,28,7,6,14,4,0
U_886,85,107,0,64,6,7,18,1,9,9,0
U_887,70,97,1,15,0,9,12,1,9,7,0
U_888,51,124,5,6,0,14,4,2,5,2,0
U_889,27,45,7,25,1,14,6,2,3,0,0
U_890,59,87,12,19,2,21,2,6,9,2,0
U_891,83,160,56,68,9,13,17,2,13,6,0
U_892,9,10,2,2,0,1,2,1,1,1,0
U_893,22,48,3,4,1,6,5,1,2,2,0
U_894,64,68,13,18,0,4,11,1,1,8,0
U_895,11,40,1,6,0,5,1,0,1,0,0
U_896,39,69,0,8,1,7,5,4,1,0,0
U_897,86,123,17,27,5,26,22,6,2,8,0
U_898,3,80,0,1,0,1,0,0,1,0,0
U_899,48,67,5,32,0,4,9,3,7,3,0
U_900,98,170,8,96,5,47,4,10,14,6,0
U_901,85,18,72,72,0,6,7,2,9,8,0
U_902,81,115,0,63,1,6,13,9,6,2,1
U_903,12,27,0,12,1,1,2,0,1,0,0
U_904,16,92,0,16,0,1,3,0,2,1,0
U_905,29,39,6,6,0,3,7,1,4,0,0
U_906,30,90,0,7,0,5,6,0,5,0,0
U_907,98,78,26,33,4,40,16,5,5,0,0
U_908,28,5,0,6,1,9,3,2,3,1,0
U_909,44,76,1,1,1,4,2,3,4,0,0
U_910,36,84,2,5,0,6,6,4,3,0,0
U_911,71,64,0,48,0,36,6,4,11,0,0
U_912,7,42,1,5,1,2,0,0,1,0,0
U_913,18,78,5,8,0,4,2,2,3,1,0
U_914,52,88,15,21,0,7,9,0,4,0,1
U_915,29,30,0,5,0,14,1,1,2,3,0
U_916,92,84,18,77,5,7,18,4,7,1,0
U_917,83,88,0,8,0,23,18,8,2,2,1
U_918,81,124,0,52,0,9,3,1,4,5,0
U_919,87,117,0,20,1,41,20,4,10,3,1
U_920,69,79,1,1,0,5,0,4,5,5,0
U_921,99,82,21,93,4,11,7,11,15,12,0
U_922,47,116,8,44,1,18,2,1,7,1,0
U_923,28,98,0,7,0,6,5,2,2,1,0
U_924,73,82,0,11,4,26,1,4,7,7,1
U_925,75,116,0,24,3,32,6,3,3,2,0
U_926,55,35,0,35,0,25,1,4,5,5,0
U_927,11,72,0,1,0,3,2,1,0,1,0
U_928,28,46,7,13,0,14,1,2,1,0,0
U_929,32,36,9,16,2,13,5,2,2,1,0
U_930,46,100,0,19,1,2,6,3,7,2,0
U_931,17,51,12,17,0,3,3,2,1,1,0
U_932,61,51,0,38,4,1,0,2,8,1,0
U_933,14,37,0,14,0,4,2,0,1,1,0
U_934,83,107,0,27,3,19,20,3,13,8,0
U_935,50,67,0,44,1,18,9,2,7,5,0
U_936,57,89,0,13,2,10,12,4,9,7,1
U_937,5,90,1,2,0,2,0,0,0,0,0
U_938,57,117,1,4,3,9,13,4,7,3,0
U_939,26,96,0,4,2,2,6,2,2,1,0
U_940,27,39,5,10,0,12,4,2,4,3,0
U_941,11,32,6,10,0,4,3,0,1,0,0
U_942,63,101,51,57,0,15,9,1,7,5,0
U_943,27,107,14,25,0,8,7,1,0,0,0
U_944,100,44,2,5,2,48,20,5,12,10,0
U_945,25,100,0,14,0,9,6,1,3,0,0
U_946,41,99,12,40,0,13,6,2,3,4,0
U_947,58,17,32,35,0,27,5,3,10,7,0
U_948,73,35,21,25,1,33,12,2,7,4,0
U_949,5,6,0,2,0,2,1,0,0,0,0
U_950,36,94,0,4,3,6,3,2,5,1,0
U_951,85,75,42,63,7,38,17,6,5,7,0
U_952,48,67,16,16,3,12,0,4,3,1,0
U_953,49,98,13,37,1,9,3,5,1,0,0
U_954,47,46,0,7,1,11,4,5,6,3,0
U_955,98,79,48,52,1,34,20,0,5,4,0
U_956,27,70,11,14,2,5,1,2,1,2,1
U_957,40,64,11,27,2,0,5,2,2,1,0
U_958,53,130,6,14,4,20,3,2,7,1,0
U_959,64,128,0,59,1,10,8,7,11,0,0
U_960,83,72,0,63,3,1,21,5,4,1,1
U_961,60,72,0,47,2,1,11,4,5,2,0
U_962,19,60,0,19,0,7,5,0,1,2,0
U_963,76,85,0,61,3,11,12,7,10,1,0
U_964,32,52,3,3,2,12,8,1,1,4,0
U_965,27,28,20,21,0,3,0,0,3,1,0
U_966,22,29,3,4,1,5,1,2,1,2,0
U_967,67,135,0,38,3,6,1,3,3,3,0
U_968,26,113,0,20,1,2,4,2,4,3,1
U_969,23,58,0,7,2,4,0,1,3,2,0
U_970,37,131,0,25,0,1,2,2,3,3,0
U_971,84,157,0,20,9,20,6,8,0,8,0
U_972,48,37,1,1,0,9,8,3,6,5,0
U_973,2,93,1,1,0,1,1,0,0,0,0
U_974,63,54,0,28,1,4,6,0,1,4,0
U_975,9,52,7,8,1,4,1,1,1,1,0
U_976,53,83,0,25,0,27,4,2,6,5,0
U_977,72,136,17,33,0,21,8,2,8,3,0
U_978,4,9,0,3,0,2,0,0,1,0,0
U_979,100,92,29,30,5,12,11,6,15,12,0
U_980,23,109,6,9,0,5,5,2,1,1,0
U_981,95,50,0,60,0,13,16,10,14,2,0
U_982,26,104,0,12,0,2,6,0,4,3,0
U_983,7,75,3,6,0,2,1,1,1,0,0
U_984,69,147,9,41,2,8,2,2,10,0,0
U_985,100,155,0,49,3,46,4,10,3,6,1
U_986,1,87,0,1,0,0,0,0,0,0,0
U_987,87,96,5,14,1,21,13,8,11,9,0
U_988,21,77,0,19,1,5,1,0,3,1,0
U_989,48,86,0,4,3,10,2,5,7,1,0
U_990,99,113,12,23,6,34,21,4,4,4,1
U_991,87,144,0,43,2,11,18,4,1,10,0
U_992,74,156,3,6,4,9,19,1,3,3,0
U_993,39,51,25,27,1,10,2,3,2,4,0
U_994,13,68,5,6,0,2,2,1,2,0,0
U_995,3,85,2,2,0,2,1,0,0,0,0
U_996,11,29,0,9,0,1,0,1,1,0,0
U_997,20,103,0,8,0,4,1,1,0,0,0
U_998,27,24,0,26,2,2,6,1,2,2,0
U_999,11,48,5,10,0,5,2,0,2,1,0
U_1000,94,74,0,25,3,7,1,0,0,0,0
U_1001,52,22,0,9,5,9,8,5,2,0,0
U_1002,59,79,0,52,0,1,1,5,8,6,0
U_1003,72,124,5,38,2,34,13,1,6,9,0
U_1004,92,83,21,30,3,7,15,4,6,11,1
U_1005,53,106,0,23,0,23,5,0,1,2,0
U_1006,64,12,4,54,4,32,14,1,4,4,0
U_1007,34,44,13,14,2,13,1,3,1,1,0
U_1008,57,55,0,17,0,0,14,1,5,6,0
U_1009,86,60,21,34,9,25,16,3,2,7,1
U_1010,90,89,0,28,8,8,15,4,0,0,0
U_1011,10,38,0,10,0,5,1,1,1,1,0
U_1012,78,51,0,30,1,5,7,3,5,5,0
U_1013,93,66,0,65,2,7,22,0,9,7,0
U_1014,40,41,0,10,2,9,2,1,1,4,0
U_1015,11,27,4,6,0,3,0,0,0,1,0
U_1016,20,98,0,11,0,6,3,0,0,2,0
U_1017,15,39,5,5,0,4,2,2,2,1,0
U_1018,56,49,0,30,2,18,5,5,9,3,0
U_1019,15,48,2,7,0,8,2,0,1,0,0
U_1020,59,45,43,46,5,24,9,4,6,6,0
U_1021,94,155,21,27,7,28,17,2,14,8,1
U_1022,90,17,1,39,0,39,13,2,11,3,0
U_1023,99,55,13,64,2,23,7,11,11,7,0
U_1024,72,119,10,13,2,31,16,7,7,9,0
U_1025,100,118,0,32,0,34,18,2,2,1,0
U_1026,68,18,0,58,1,16,14,7,8,5,0
U_1027,14,73,0,3,0,3,3,1,2,0,0
U_1028,36,29,21,34,0,2,4,1,4,4,0
U_1029,39,90,0,22,2,3,3,4,5,0,0
U_1030,25,26,0,9,0,5,1,1,1,2,0
U_1031,54,49,16,37,1,27,2,4,9,3,0
U_1032,65,43,0,45,1,18,13,6,9,5,0
U_1033,66,39,27,50,7,19,16,1,9,8,0
U_1034,3,101,3,3,0,0,0,0,0,0,0
U_1035,19,45,0,16,1,3,3,2,1,2,0
U_1036,4,8,4,4,0,2,1,0,1,0,0
U_1037,77,106,11,44,5,23,3,7,13,1,0
U_1038,6,83,3,6,0,3,0,1,1,0,0
U_1039,50,105,0,9,1,6,1,4,8,1,1
U_1040,35,90,25,31,0,8,8,3,2,0,0
U_1041,46,33,0,23,0,10,9,1,1,5,0
U_1042,89,58,0,35,3,31,2,5,9,11,1
U_1043,92,124,0,70,2,13,21,8,10,5,0
U_1044,58,51,0,58,2,18,6,0,0,3,0
U_1045,91,89,0,44,5,37,22,6,10,6,0
U_1046,18,55,0,10,1,3,1,0,2,2,0
U_1047,70,90,16,16,1,23,8,2,0,7,0
U_1048,72,114,1,2,4,35,5,1,1,9,0
U_1049,56,82,2,8,1,23,14,6,3,3,0
U_1050,83,68,67,67,4,30,1,1,0,0,0
U_1051,76,124,0,48,1,0,10,7,11,2,0
U_1052,10,83,0,1,0,0,3,0,1,0,0
U_1053,61,82,1,2,0,24,15,2,9,0,1
U_1054,16,77,4,13,0,6,2,1,1,1,0
U_1055,55,73,1,16,3,27,7,5,7,0,0
U_1056,26,62,3,14,0,12,3,1,1,0,0
U_1057,30,83,0,22,0,13,6,0,2,2,0
U_1058,63,111,0,41,3,10,14,5,7,7,0
U_1059,29,126,0,25,0,8,6,1,0,3,1
U_1060,1,28,1,1,0,1,0,0,0,0,0
U_1061,57,51,0,50,1,21,9,2,9,1,0
U_1062,92,46,0,75,1,30,17,5,12,5,0
U_1063,83,112,23,63,0,41,2,3,6,0,0
U_1064,75,119,0,9,0,1,8,4,8,6,1
U_1065,7,12,6,7,0,2,0,0,1,0,0
U_1066,79,41,69,69,0,29,9,5,6,6,0
U_1067,72,33,23,38,4,12,14,7,3,0,0
U_1068,97,103,35,97,3,33,11,4,5,1,0
U_1069,85,107,46,68,9,3,9,5,11,5,0
U_1070,1,57,0,1,0,0,0,0,0,0,0
U_1071,47,85,15,19,1,21,9,3,6,5,0
U_1072,41,68,0,7,1,11,1,2,2,4,0
U_1073,45,28,30,30,1,11,11,4,3,1,0
U_1074,64,114,8,54,1,4,6,2,6,1,1
U_1075,25,76,0,1,0,3,6,0,3,1,0
U_1076,27,71,11,11,0,9,1,2,1,1,0
U_1077,9,100,1,3,0,1,1,1,1,1,0
U_1078,72,87,57,65,2,18,9,1,3,6,0
U_1079,40,105,0,23,1,15,4,1,1,5,0
U_1080,28,22,3,10,0,11,5,1,5,0,0
U_1081,83,78,0,42,7,17,6,7,5,3,1
U_1082,26,73,12,12,2,5,2,2,4,0,0
U_1083,19,63,0,16,0,10,1,2,3,2,0
U_1084,37,91,0,13,0,9,1,3,6,4,0
U_1085,19,24,0,15,1,7,3,0,1,1,0
U_1086,27,88,16,20,0,3,5,1,3,2,0
U_1087,83,113,0,20,6,14,12,3,7,5,0
U_1088,53,37,11,15,0,26,10,0,2,1,0
U_1089,20,61,0,5,1,9,2,2,0,1,0
U_1090,12,93,0,2,1,1,1,1,2,1,0
U_1091,25,53,2,5,2,1,0,3,1,2,0
U_1092,14,43,7,11,0,6,0,0,2,0,0
U_1093,98,138,0,17,2,17,6,4,14,2,1
U_1094,81,85,0,60,0,20,0,1,12,3,0
U_1095,84,133,9,27,1,7,17,2,6,5,1
U_1096,82,38,4,29,2,31,7,3,3,10,0
U_1097,85,28,5,21,5,24,1,0,7,6,0
U_1098,56,77,0,45,1,17,3,5,7,0,0
U_1099,83,125,5,56,1,6,15,2,3,3,0
U_1100,49,101,0,19,3,13,4,4,2,2,1
U_1101,14,34,3,6,1,7,3,1,1,1,0
U_1102,69,106,0,23,3,6,3,6,8,0,0
U_1103,11,63,7,8,0,5,1,1,2,0,0
U_1104,24,61,24,24,1,9,4,2,3,0,0
U_1105,97,77,0,14,6,33,17,9,7,11,0
U_1106,81,153,0,55,3,25,5,9,6,2,0
U_1107,54,91,20,24,2,8,14,3,9,0,0
U_1108,87,32,14,61,4,30,18,6,8,8,0
U_1109,45,105,13,18,1,2,2,1,1,4,0
U_1110,27,74,12,16,3,1,6,3,0,3,0
U_1111,67,98,8,44,3,9,11,1,8,1,0
U_1112,17,77,0,10,1,1,3,1,1,1,0
U_1113,23,21,0,20,1,5,5,0,2,1,0
U_1114,90,91,12,13,1,3,13,4,10,7,1
U_1115,65,140,0,6,1,30,2,4,8,6,0
U_1116,5,26,1,2,0,2,0,0,1,0,0
U_1117,66,61,0,25,0,20,6,1,10,1,0
U_1118,21,87,7,7,1,10,1,1,2,1,0
U_1119,34,45,0,6,3,6,9,1,1,4,0
U_1120,53,108,22,46,1,26,9,0,8,1,0
U_1121,40,59,0,21,0,20,4,4,1,1,0
U_1122,98,158,51,54,5,5,18,1,11,3,0
U_1123,93,61,2,13,10,35,20,7,3,4,0
U_1124,10,50,0,2,0,1,1,0,0,1,0
U_1125,14,111,10,10,0,1,1,0,1,1,0
U_1126,58,110,13,13,2,12,2,6,1,1,0
U_1127,49,93,0,31,1,21,0,3,1,3,0
U_1128,11,52,0,11,1,3,0,1,1,1,0
U_1129,100,101,0,95,0,30,13,2,3,0,0
U_1130,9,59,9,9,1,3,2,1,1,1,0
U_1131,69,22,0,64,0,11,0,1,5,1,0
U_1132,13,62,0,11,1,7,2,0,2,1,0
U_1133,1,42,1,1,0,0,0,0,0,0,0
U_1134,62,82,0,40,6,5,3,0,7,2,0
U_1135,23,46,0,3,0,11,4,0,2,2,0
U_1136,99,74,0,1,6,45,0,6,9,10,0
U_1137,34,74,5,22,1,6,0,0,0,2,0
U_1138,18,82,0,4,1,3,3,0,2,0,0
U_1139,22,105,0,13,1,2,3,2,2,2,0
U_1140,73,51,4,26,3,30,4,1,0,6,0
U_1141,19,109,0,15,1,9,3,1,2,0,0
U_1142,22,102,0,7,2,4,6,2,3,1,0
U_1143,19,58,1,2,1,8,1,0,3,2,0
U_1144,60,113,0,6,1,8,8,2,2,7,0
U_1145,48,64,2,3,1,10,4,0,7,1,0
U_1146,64,103,9,55,0,25,8,1,10,0,0
U_1147,73,54,0,68,2,14,12,0,7,7,0
U_1148,36,83,15,26,1,9,1,4,1,0,0
U_1149,67,89,0,31,0,33,5,4,2,2,0
U_1150,35,87,0,27,0,4,7,3,4,4,0
U_1151,10,48,0,10,1,5,1,0,1,0,0
U_1152,42,43,15,27,2,1,2,2,3,3,1
U_1153,49,21,24,27,1,16,11,1,1,2,0
U_1154,7,40,4,6,1,2,2,0,1,0,0
U_1155,64,79,0,51,1,5,1,0,3,1,0
U_1156,4,82,0,4,0,1,0,0,1,0,0
U_1157,54,44,13,26,1,7,9,3,4,4,0
U_1158,92,79,23,27,0,14,12,1,12,5,0
U_1159,8,98,0,5,0,0,0,0,1,0,0
U_1160,48,124,16,35,2,20,7,0,4,0,0
U_1161,81,133,3,8,1,38,7,8,12,5,0
U_1162,23,7,0,23,1,8,5,2,3,0,0
U_1163,12,61,1,1,0,2,2,0,1,0,0
U_1164,18,80,9,12,0,1,4,2,3,0,0
U_1165,1,42,0,1,0,0,0,0,0,0,0
U_1166,42,27,12,19,0,12,8,1,6,0,0
U_1167,86,106,0,2,5,40,19,4,9,2,0
U_1168,20,73,9,18,0,1,0,2,3,2,0
U_1169,45,108,11,15,1,15,1,4,3,2,0
U_1170,40,27,29,31,3,16,9,1,6,5,0
U_1171,18,84,2,3,1,2,0,2,2,2,0